created,modified,uuid,name,description,is_removed
2020-01-01 13:30:00+00,2020-04-05 09:01:05+00,e083bf3a-31b4-4232-a4b5-f6efac5bd060,Action,Random description,false
2020-01-01 13:30:00+00,2020-02-04 00:16:40+00,5c109612-d990-4dc6-ba08-994dfa910b3e,Adventure,Random description,false
2020-01-01 13:30:00+00,2020-11-26 07:21:19+00,5b3135e4-1357-4086-af0d-1b3c9622656c,Sci-Fi,Random description,false
2020-01-01 13:30:00+00,2020-09-28 09:52:21+00,6ffb1f60-73be-4330-8d6f-19f93a18773d,Fantasy,Random description,false
2020-01-01 13:30:00+00,2020-04-16 11:08:02+00,78583dac-f117-4b58-9c3e-d363373f6e7b,Music,Random description,false
2020-01-01 13:30:00+00,2020-11-13 07:44:02+00,ae7897e9-6ed1-49e8-87a8-a8a36c9f99b7,Romance,Random description,false
2020-01-01 13:30:00+00,2020-07-16 21:29:39+00,5f116381-46e2-4a4e-93ea-f7ccab57950c,Drama,Random description,false
2020-01-01 13:30:00+00,2020-05-12 01:22:53+00,c93b48fb-3dc4-484e-bb13-01aa05a72ddc,Thriller,Random description,false
2020-01-01 13:30:00+00,2020-11-17 20:28:59+00,0db734e1-fb9d-4861-85ee-1e0d0b9edb96,Mystery,Random description,false
2020-01-01 13:30:00+00,2020-09-04 22:25:32+00,c27336f5-19e0-4132-8f9e-cccd042dfbbe,Comedy,Random description,false
2020-01-01 13:30:00+00,2020-01-01 20:26:07+00,929b8db9-6fe2-4cde-b007-6f95b04e28bd,Family,Random description,false
2020-01-01 13:30:00+00,2020-08-17 03:19:10+00,ab7ad5be-ff6f-49ab-8b31-fb9b333173a3,Animation,Random description,false
2020-01-01 13:30:00+00,2020-04-13 13:49:48+00,e3f2dd44-acd0-4c79-a740-00aa3dfeea59,Biography,Random description,false
2020-01-01 13:30:00+00,2020-02-28 18:12:41+00,60b89726-0752-49cc-b799-a6df0abb87d9,Musical,Random description,false
2020-01-01 13:30:00+00,2020-09-15 19:41:48+00,cc310170-2c80-41ad-aea0-7d5bb188c6ec,Crime,Random description,false
2020-01-01 13:30:00+00,2020-12-17 16:00:43+00,df5bbf6a-e58e-4461-b0fe-576d729974f5,Short,Random description,false
2020-01-01 13:30:00+00,2020-05-03 06:37:04+00,6b414d28-635f-4801-901d-0da43e595f54,Western,Random description,false
2020-01-01 13:30:00+00,2020-05-27 20:01:53+00,155a1cec-2252-40fb-8165-20968f8029a0,History,Random description,false
2020-01-01 13:30:00+00,2020-02-03 04:26:12+00,a4e9a1b0-f788-4872-b85c-832783103207,Documentary,Random description,false
2020-01-01 13:30:00+00,2020-11-05 08:33:54+00,2f37bd57-faf2-4882-aa46-4606a17fb00f,War,Random description,false
2020-01-01 13:30:00+00,2020-01-30 00:13:47+00,504b2667-cd9e-42c2-928d-d3e34b91799c,Reality-TV,Random description,false
2020-01-01 13:30:00+00,2020-12-30 04:44:14+00,1c5d141e-63ab-4f84-9fc2-f012bbdde17f,Game-Show,Random description,false
2020-01-01 13:30:00+00,2020-07-22 18:38:47+00,1a0d3920-4ce5-4d2a-b418-0f401266f4d5,Horror,Random description,false
2020-01-01 13:30:00+00,2020-01-09 15:53:37+00,8433a40f-9004-4070-8c54-45a713a5b565,Sport,Random description,false
2020-01-01 13:30:00+00,2020-02-03 06:27:20+00,6d6fd9db-966b-4d3b-b612-1c6772dbb460,Talk-Show,Random description,false
2020-01-01 13:30:00+00,2020-10-20 00:09:42+00,8c3bd445-f6ad-4805-9a78-32aee9be12ad,News,Random description,false